Date,incomesize2,Numberofreturns,AGIlessdeficit,1040DTaxableNetGainNumReturns,1040DTaxableNetGainTotal,1040DTaxableNetLossNumReturns,1040DTaxableNetLossTotal,AlimonyNumReturns,AlimonyTotal,AnnutitesTaxableNumReturns,AnnutitesTaxableTotal,AnnutitiesTotalNumReturns,AnnutitiesTotalTotal,BusinessProfNetIncomeNumReturns,BusinessProfNetIncomeTotal,BusinessProfNetLossNumReturns,BusinessProfNetLossTotal,CapitalGainDistributionsNumReturns,CapitalGainDistributionsTotal,EstateAndTrustNetIncomeNumReturns,EstateAndTrustNetIncomeTotal,EstateAndTrustNetLossNumReturns,EstateAndTrustNetLossTotal,FarmNetIncomeNumReturns,FarmNetIncomeTotal,FarmNetLossNumReturns,FarmNetLossTotal,FarmRentalNetIncomeNumReturns,FarmRentalNetIncomeTotal,FarmRentalNetLossNumReturns,FarmRentalNetLossTotal,NetGainOtherThanCapitalAssetsNumReturns,NetGainOtherThanCapitalAssetsTotal,NetLossOtherThanCapitalAssetsNumReturns,NetLossOtherThanCapitalAssetsTotal,OrdinaryDividendsNumReturns,OrdinaryDividendsTotal,PartnershipAndScorpNetIncomeNumReturns,PartnershipAndScorpNetIncomeTotal,PartnershipAndSCorpNetLossNumReturns,PartnershipAndSCorpNetLossTotal,QualifiedDividendsNumReturns,QualifiedDividendsTotal,RentNetIncomeNumReturns,RentNetIncomeTotal,RentNetLossNumReturns,RentNetLossTotal,RoyaltyNetIncomeNumReturns,RoyaltyNetIncomeTotal,RoyaltyNetLossNumReturns,RoyaltyNetLossTotal,SalariesAndWagesNumReturns,SalariesAndWagesTotal,StateIncomeTaxNumReturns,StateIncomeTaxTotal,TaxableInterestNumReturns,TaxableInterestTotal,TaxableIRADistibutionsNumReturns,TaxableIRADistibutionsTotal,TaxExemptInterestNumReturns,TaxExemptInterestTotal,TotalRentAndRoyaltyNetIncomeNumReturns,TotalRentAndRoyaltyNetIncomeTotal,TotalRentAndRoyaltyNetLossNumReturns,TotalRentAndRoyaltyNetLossTotal,UnemploymentCompensationNumReturns,UnemploymentCompensationTotal
2005,0 to 50k,91195160,1.79E+12,4305213,29190076000,4444368,9598700000,333473,3203923000,13246224,1.56E+11,13999941,2.21E+11,9880886,98861329000,2830629,25339452000,1958620,1909558000,170067,1226087000,10522,598560000,363562,3030733000,719323,9962729000,244208,1340702000,67038,305048000,316560,2494970000,306925,4500116000,13174032,24200837000,1267967,16759871000,1029648,41075092000,10601198,13599124000,1732540,10377592000,2001064,19194618000,508395,1955244000,10066,54739000,75319349,1.54E+12,6012912,3390685000,28087878,38428036000,5058084,31515070000,1278710,7991769000,2294166,13445800000,2003268,18212152000,5484828,18404496000
2005,50k to 200k,39611393,3.46E+12,6038494,98574639000,4615292,10076969000,116837,3520893000,9278853,2.35E+11,10410606,3.83E+11,5156254,1.32E+11,2252794,13762404000,2035814,2645911000,232990,3687922000,13734,92565000,221141,4013154000,573485,7360826000,201422,1724430000,45209,214912000,389682,4094915000,358248,1865833000,15208820,51265953000,2477179,77419084000,1133780,14066647000,12677532,34481411000,1906221,21070838000,2472646,23265563000,622393,4430604000,16957,50047000,35713927,2.70E+12,14851628,12612330000,27761901,52702226000,3947609,64067915000,2240281,17011692000,2479823,26807714000,2278484,18918010000,2330851,9056685000
2005,200k to 1mil,3262308,1.14E+12,1462311,1.66E+11,892524,2264982000,6682,1124986000,665800,25902983000,867872,69767816000,656613,65688135000,201819,3306336000,156443,356290000,71913,3841765000,7593,217814000,22971,993320000,69191,2231351000,23313,505585000,8571,103570000,152592,2912451000,170627,1364746000,2513884,37860653000,1071680,1.63E+11,319078,12768239000,2310338,28872849000,415894,15037526000,435159,7629768000,168261,4788560000,5078,52044000,2792535,6.42E+11,1112586,2872552000,3098619,28148083000,352571,14188486000,809304,15185382000,534629,20002397000,241802,5220029000,70374,386640000
2005,1mil and up,303817,1.03E+12,211907,3.91E+11,70349,196250000,496,129468000,56496,3119928000,73667,11896927000,55143,18488161000,23191,2608179000,4341,46319000,18534,9382687000,3866,745464000,2973,446865000,8605,1097952000,2770,74409000,0,0,41734,3340901000,40837,1449611000,278641,53154560000,175280,2.35E+11,56877,21784057000,264618,42027091000,55296,7050830000,42989,1824883000,43642,4946703000,1293,40198000,245068,2.76E+11,133643,3329192000,300960,43154375000,28925,2505727000,169675,17505080000,86258,11969609000,30703,1638208000,1647,9546000
2006,0 to 50k,92246124,1.80E+12,4477807,31444326000,3671061,7759737000,304810,3061880000,13049879,1.52E+11,13849680,2.21E+11,10078558,1.03E+11,2780396,26170419000,2060365,2665500000,158650,1065296000,16466,649009000,311647,2818687000,720402,11278832000,226903,1367464000,65611,272843000,304445,2391660000,318416,4713149000,12456854,23400457000,1190667,16486051000,1032300,45581797000,10137920,12371736000,1585685,9794245000,2097092,25064587000,523188,1860948000,13465,114740000,75193957,1.55E+12,5898798,3499551000,28573897,46371421000,5017291,32091688000,1530663,7796543000,2154808,12628240000,2060256,21897269000,5005181,16985287000
2006,50k to 200k,42083748,3.73E+12,6894305,1.06E+11,4087575,8786181000,128480,3660009000,10218528,2.61E+11,11566480,4.40E+11,5312801,1.32E+11,2399531,15122634000,2324540,4662516000,275201,4057157000,16683,140352000,213513,3481858000,601921,7945711000,210019,1773189000,51075,259519000,390964,4067567000,343921,1892782000,15995237,60734111000,2477214,78652836000,1141849,15889037000,13521479,38887201000,1862631,21433741000,2582306,28073370000,669650,4690745000,17958,92369000,37710626,2.88E+12,15676564,13559966000,29953559,74285793000,4487875,71941542000,3121386,20639443000,2489884,27491402000,2335186,21232016000,2299684,9126986000
2006,200k to 1mil,3710791,1.29E+12,1790396,1.74E+11,819095,2029489000,7673,1239225000,766597,33527498000,1008744,1.03E+11,753335,70287136000,240757,4070149000,208733,1018045000,95494,4698228000,7143,202262000,23444,1014237000,73498,2523035000,23036,387511000,9286,79329000,153084,2985147000,174853,1520221000,2842826,47795746000,1155281,1.73E+11,353392,13138634000,2616220,34379590000,436063,15024768000,472070,8852267000,211698,5411089000,7088,78076000,3189036,7.33E+11,1235903,3297817000,3522643,39436747000,425152,18105931000,1160922,20235822000,582066,20484566000,228851,4959568000,71602,399314000
2006,1mil and up,354093,1.21E+12,264570,4.78E+11,64259,176266000,552,159268000,63216,3695715000,86463,17204688000,64993,24714326000,26035,3374923000,5497,70670000,21576,9304415000,4392,950051000,3362,369196000,10488,1267719000,2767,80924000,0,0,46328,4576336000,46792,1692915000,324857,67428833000,199146,2.60E+11,69454,28137741000,308565,51557275000,61131,7355124000,48800,2266514000,58654,5398042000,1649,34845000,285759,3.13E+11,152950,3848671000,351137,62613484000,34749,2566391000,225850,24299164000,102984,12749870000,33961,1838134000,1972,12078000
2007,0 to 50k,93790430,1.84E+12,4575635,35373997000,3115497,6649299000,299007,3132833000,12915438,1.52E+11,13721367,2.19E+11,10429858,1.05E+11,2963492,31372479000,2202141,3463462000,139364,957672000,11304,800299000,288840,2938804000,693305,11721591000,178028,1111281000,59541,310857000,309183,2571340000,297282,5742927000,11902584,23480819000,1225764,17327443000,1070256,62474642000,9736898,12098110000,1582250,10554539000,2191549,29087285000,505058,2064675000,15100,94952000,77311748,1.60E+12,5760609,3483152000,28604054,51045782000,4906548,32774485000,1416922,6506673000,2094774,13256795000,2162630,25412289000,5126782,18951612000
2007,50k to 200k,44652752,4.00E+12,7637645,1.14E+11,3594171,7786510000,147544,4290864000,11287451,2.93E+11,12687883,4.97E+11,5622471,1.31E+11,2451281,15834650000,2547759,6860877000,278214,4488978000,20395,108745000,235699,4929000000,639297,8772604000,218102,2117372000,47984,179844000,378691,3871021000,322574,1687394000,16565017,70504186000,2497470,78062138000,1251154,17899223000,14121906,42348418000,1911636,21787719000,2776495,32165711000,740838,4758176000,16583,40642000,39682221,3.05E+12,16252813,14938800000,31590787,89892948000,5216633,89510059000,3308448,20520088000,2602398,28110587000,2476408,23922038000,2418247,10071676000
2007,200k to 1mil,4143402,1.45E+12,2070863,1.86E+11,787520,1904956000,10756,1335636000,907505,40790047000,1172298,1.16E+11,811272,76499795000,255106,4250325000,255899,1521175000,103951,4926234000,10440,162917000,31382,2063480000,78187,2720465000,31957,760345000,7648,70711000,155426,3050028000,187665,1612391000,3175770,59330448000,1208968,1.80E+11,397643,16357787000,2940575,40096928000,467169,16360130000,501817,10097423000,238343,5791784000,6682,41082000,3535119,8.23E+11,1409674,3852768000,3921159,50202898000,520204,22363237000,1338366,23465382000,635693,22378537000,211671,5015338000,77251,391789000
2007,1mil and up,392220,1.40E+12,301427,5.77E+11,61052,167631000,0,0,70246,4319962000,96600,19350774000,68874,21665704000,27113,3391936000,6629,136370000,22247,10239205000,4795,1433236000,0,0,11232,1409883000,0,0,1205,26194000,50078,5620201000,50236,1713137000,362781,83736675000,214164,2.72E+11,79571,35964618000,345894,61328829000,63300,7808013000,55341,2740506000,70680,5260830000,2211,59111000,315712,3.69E+11,169903,4771928000,389131,76916556000,39841,3311546000,257861,28859200000,115299,13180428000,35623,1937873000,0,0
2008,0 to 50k,93297623,1.76E+12,2822631,27415385000,4736539,10586341000,283227,3013735000,13444083,1.58E+11,14277658,2.28E+11,10192546,1.03E+11,2957033,35998450000,1407837,843279000,167252,1263846000,17172,2090973000,282607,2808679000,692586,13202941000,200807,1156665000,55700,270877000,286642,2669581000,341548,13196148000,12034329,28442533000,1214703,16879598000,1222193,1.07E+11,9968781,16363655000,1635722,11880032000,2292516,30109409000,593648,2457700000,12367,56161000,75617941,1.58E+12,5424587,3731957000,27947078,51704225000,5485726,39410555000,1695444,10484309000,2240011,14960881000,2240858,27231825000,6412476,28325257000
2008,50k to 200k,44777287,4.04E+12,4039587,50634902000,5977526,13656662000,145828,4564071000,11205069,3.04E+11,12566372,4.90E+11,5407419,1.24E+11,2440201,16456952000,1704208,1470434000,279001,4591533000,18248,127088000,233827,6007717000,619805,8988833000,220324,2752026000,44763,235650000,330434,3005648000,359267,2473186000,15711716,65799146000,2398855,78620139000,1302219,19048545000,13413989,45110992000,1923207,23730480000,2820782,32442958000,801872,6536169000,15571,37935000,40119100,3.16E+12,15902592,15017410000,30392109,76719712000,5255596,94055883000,3311790,24007885000,2659362,32456566000,2479524,24107063000,3011786,14752141000
2008,200k to 1mil,4054365,1.39E+12,1043451,90048449000,1498959,3914970000,7281,999920000,836084,40028849000,1090561,1.11E+11,778137,75080434000,256368,4693493000,204471,305194000,92464,5330118000,8912,300945000,29606,2373269000,76966,2950739000,28498,1065765000,7195,57245000,118691,2222468000,196066,2071570000,3002365,51067634000,1159734,1.83E+11,371038,16793120000,2746406,38777588000,426941,16613861000,513108,10551814000,252736,8683900000,5244,60232000,3577273,8.76E+11,1344578,4051655000,3792270,42002141000,485873,25515329000,1236362,23307300000,607316,25902195000,187721,4271282000,105794,578681000
2008,1mil and up,321294,1.08E+12,146688,3.27E+11,143837,410118000,363,201630000,55010,3590195000,77150,15451754000,56375,22862246000,23610,3497045000,5341,74926000,17644,10712300000,3750,1228618000,2748,559623000,9906,1453385000,2934,153265000,1023,20938000,37442,5055063000,52519,3023218000,294702,74021353000,177002,2.64E+11,63741,32392004000,280099,58722956000,54170,7847638000,46091,2390206000,65787,8895968000,2530,54575000,264186,3.30E+11,147891,4768455000,318151,52864986000,32228,3168460000,209518,22022226000,102856,16765634000,27735,1534825000,2840,18615000
2009,0 to 50k,92888973,1.72E+12,2072123,20031596000,5693087,13154458000,279872,3325265000,13941327,1.68E+11,14802189,2.36E+11,10703309,1.08E+11,2959802,41626280000,323270,100868000,189575,1389648000,21774,1753178000,271958,3071212000,719801,13920444000,202637,1159433000,62478,345473000,274073,2515957000,451858,21766125000,11872307,26839511000,1358621,18675042000,1300145,1.02E+11,10063568,16649710000,1817889,13721270000,2301513,28405346000,661514,2274335000,19730,65708000,73913818,1.54E+12,5833632,4436536000,26257615,45068397000,5044674,38218717000,2014174,12375261000,2471746,16475714000,2269567,26631711000,7946169,57056149000
2009,50k to 200k,43680666,3.94E+12,3133844,38879594000,6189242,14420928000,150599,4415155000,11287044,3.17E+11,12580724,4.84E+11,5106028,1.15E+11,2364511,16217871000,377268,218962000,318940,5243099000,19148,149913000,222832,6116354000,610623,8720767000,213327,2516850000,49839,235775000,269940,2612214000,418656,3947978000,14566220,50545905000,2429619,78448117000,1335400,18460914000,12700570,36800683000,1896099,24305419000,2855538,30736234000,778568,4724352000,35593,105586000,39238826,3.11E+12,16191660,16759920000,27946198,58544978000,4307383,79203355000,3026252,24795778000,2574961,30742557000,2544350,23988773000,3221743,25376281000
2009,200k to 1mil,3687606,1.24E+12,720007,53744572000,1521306,3969609000,7631,1080975000,756101,36542243000,974005,92884582000,690499,67585393000,230483,3798734000,50126,40808000,78478,4354983000,7991,262453000,26477,2077548000,64013,2156386000,25882,1046445000,5536,60073000,105401,1705989000,195465,2137309000,2635427,36537634000,1076839,1.75E+11,330190,12846328000,2444575,29074490000,368608,14971273000,491941,9746456000,204714,4511665000,9442,50964000,3318406,8.20E+11,1300997,4500008000,3373721,29903608000,295129,16209573000,1063387,20303269000,514939,20011080000,167172,3700074000,128562,1084871000
2009,1mil and up,236883,7.27E+11,81956,1.50E+11,128277,367141000,0,0,35779,2381760000,51139,9722406000,39662,17482991000,17490,2261983000,0,0,13266,9500472000,2864,940507000,1840,350770000,6670,913543000,0,0,675,14075000,25278,5063936000,46993,2074168000,213862,49535796000,141035,2.25E+11,40732,19081036000,203834,41045320000,38057,6285019000,36331,1884160000,45779,4261981000,2272,37844000,197631,2.39E+11,117922,4618142000,233895,34484249000,11948,1571062000,151733,16099795000,72428,10650103000,20928,1085715000,2362,20799000
2010,0 to 50k,94065542,1.77E+12,2456590,23704699000,5147877,11812176000,294554,3250258000,13761877,1.70E+11,14550992,2.37E+11,10972791,1.15E+11,2909054,33664860000,463925,182113000,177313,1317780000,12442,1266629000,286784,3255352000,663952,11922765000,182506,1181861000,61081,336538000,286599,3094559000,479444,24111093000,10832250,24251501000,1289777,19008285000,1168970,76119472000,9483202,14450733000,1782912,13788785000,2219954,25395986000,608461,2223431000,16951,91841000,74368745,1.55E+12,5033834,3573812000,24278697,32897057000,5996973,45930724000,1800138,11553362000,2394041,16531333000,2168399,25276675000,10395239,81920546000
2010,50k to 200k,44530202,4.04E+12,3798940,43741863000,6025392,13771875000,138269,4483788000,11889265,3.41E+11,13120506,5.16E+11,5240118,1.20E+11,2319487,15170761000,608177,342587000,306242,5000914000,21999,146000000,265592,6622278000,584789,8542708000,219430,2679157000,44128,236022000,339296,3469047000,440191,4600061000,14155794,52500281000,2560148,82016617000,1302517,17551587000,12713686,36038720000,2026057,26253249000,2915966,28605302000,800693,5407166000,24038,80347000,39635099,3.12E+12,15286293,15096509000,26996786,43887591000,5882405,1.09E+11,3057589,24376497000,2735946,33537952000,2577828,22336929000,4381898,36789798000
2010,200k to 1mil,4015946,1.35E+12,973963,70251717000,1504730,3871955000,6013,873966000,896362,44519957000,1147297,1.11E+11,746703,69910144000,248050,4042495000,81431,67101000,90658,5742044000,10310,239866000,27960,2024440000,70633,2428766000,25580,813927000,6219,44634000,132120,2401883000,206973,2611197000,2768891,39804994000,1127426,1.80E+11,351827,13259821000,2611143,30238052000,402012,16073616000,566048,10542905000,222191,6055994000,8533,60057000,3584513,8.85E+11,1383991,4248091000,3578386,25520478000,600456,31831744000,1072632,21293060000,548264,22471360000,194751,4157484000,156200,1499664000
2010,1mil and up,280360,9.25E+11,123570,2.56E+11,128477,363580000,362,187577000,49232,3800250000,70761,17024363000,49536,18443528000,19956,2631420000,2221,9535000,15886,10157404000,3882,873337000,2265,350190000,7264,1090297000,2418,101489000,699,17250000,37171,6753216000,55357,2472393000,250692,66982493000,160866,2.45E+11,48949,24133790000,241439,55755894000,42526,6925021000,45196,2171958000,53512,5196368000,3141,58749000,231720,2.86E+11,124470,4536157000,276257,37306116000,37447,7579557000,172823,17940450000,81581,12097122000,26135,1297852000,3171,39954000
2011,0 to 50k,95038739,1.77E+12,2835335,27865600000,4600292,10472261000,280480,3311890000,13637858,1.69E+11,14348381,2.33E+11,11172464,1.18E+11,2888021,30895356000,780626,564010000,148817,1504970000,19208,1089852000,285632,3090577000,607716,11207312000,170321,1078405000,57674,269955000,305242,3437966000,377491,20030113000,10440771,29631759000,1304012,19783354000,1081547,68283487000,9272312,18987397000,1860236,14413338000,2108838,22840764000,561629,1988063000,21700,49229000,75071420,1.56E+12,4671019,3129605000,21991851,27188805000,6002373,45720504000,1692848,11209911000,2413146,16798377000,2098146,22655677000,9165050,62636772000
2011,50k to 200k,45631445,4.17E+12,4262050,45247121000,5609981,12697667000,148053,4492560000,12089459,3.59E+11,13331092,5.41E+11,5344254,1.24E+11,2379817,16110945000,954422,942407000,288285,4982469000,18079,115014000,271524,7568593000,580010,8808393000,225936,2991225000,50404,246499000,390818,3286382000,429342,4961603000,14053442,58814808000,2601111,85775266000,1296923,16578640000,12774458,39991206000,2170998,26449954000,2965587,27542042000,803365,5756704000,19029,63215000,40302904,3.21E+12,15793003,15753733000,25913114,36112258000,6229568,1.21E+11,3002775,23207843000,2891007,34331872000,2623987,22013909000,3847367,28381319000
2011,200k to 1mil,4399166,1.48E+12,1188856,73136764000,1503601,3779434000,7970,863321000,978060,48092427000,1229679,1.20E+11,789116,74503447000,267956,4316864000,143249,232646000,94992,5497519000,12473,308508000,32609,3236739000,78993,2898098000,28943,1155207000,7532,62851000,158535,2659894000,214394,3137312000,2999284,44772582000,1199273,1.92E+11,374335,13571618000,2847130,33867103000,464986,18070346000,595788,10125664000,253452,7739570000,10008,42273000,3935824,9.81E+11,1521205,4161656000,3867157,23346206000,724064,38819561000,1112989,20795122000,633663,26390268000,191716,4098537000,155340,1335778000
2011,1mil and up,300890,9.48E+11,145714,2.56E+11,126059,357728000,221,109579000,51789,4189757000,72051,15683589000,55429,20789157000,20818,2917638000,3895,38518000,16492,10217240000,4597,1081769000,2885,666142000,7843,1250475000,2930,125670000,0,0,45291,6881133000,55084,2586784000,268857,61390657000,169556,2.50E+11,55117,24129201000,260974,49169636000,47934,6832659000,49804,2103145000,59540,6740545000,3088,71255000,249558,3.06E+11,130448,4487757000,295361,33464404000,52882,11550666000,179696,17782529000,91560,13661927000,28210,1389315000,3229,29824000
2012,0 to 50k,92940570,1.74E+12,2961319,25814393000,4031297,9250634000,271156,3132435000,13503173,1.71E+11,14196899,2.35E+11,11171419,1.21E+11,2790034,29282258000,985049,584956000,142681,1508141000,18195,1060328000,262824,3032419000,562388,10497966000,165796,999407000,49310,230224000,262206,3337458000,403185,18751182000,10001492,27584687000,1309984,22073815000,1017725,55751695000,8944879,17743871000,1824789,13987681000,1951675,19193906000,629850,2016830000,17348,79345000,74069574,1.55E+12,4507603,2765899000,19001621,20802847000,5869570,45032083000,1553585,9743455000,2436359,16285477000,1948884,19823270000,7774980,46777437000
2012,50k to 200k,46735910,4.32E+12,5005059,54975899000,4951258,11194997000,159669,4515676000,12600864,3.78E+11,13808952,5.74E+11,5450377,1.28E+11,2340102,15231977000,1293056,1293990000,303695,5111474000,25379,115219000,275572,8381124000,580445,8417118000,237938,3613922000,47890,306572000,387744,3623556000,440294,4969950000,14323044,63032761000,2720463,88691925000,1227129,14482600000,13061388,44469624000,2334275,29471814000,2963280,26209909000,891886,6253237000,30185,122904000,41150867,3.30E+12,15729131,15715247000,24449817,30209672000,6416845,1.24E+11,2992794,20891710000,3138548,38396355000,2630846,21517967000,3406549,23248905000
2012,200k to 1mil,4859141,1.66E+12,1564689,1.09E+11,1372315,3392783000,9576,1288376000,1113939,57415029000,1412146,1.45E+11,880338,81331542000,306145,4284085000,196794,315627000,115901,6893154000,10830,296885000,46036,5376063000,92773,3397981000,36116,1493492000,5783,62834000,190656,3453328000,224847,3083711000,3300877,56510735000,1344618,2.14E+11,394301,13033328000,3144896,44504478000,549114,20117688000,664561,10075287000,290176,7617492000,11767,42049000,4309370,1.07E+12,1613038,4174905000,4136697,21952556000,833319,42775279000,1183945,20423525000,730507,28548784000,220797,4565738000,157053,1176982000
2012,1mil and up,392850,1.38E+12,230600,4.55E+11,124895,348031000,0,0,71732,6382758000,98880,21654354000,69705,26005603000,26604,3461046000,4641,21958000,23769,14393292000,5646,1251823000,4640,1396010000,11010,1404239000,4003,328824000,1126,26470000,67229,9985727000,62945,2953183000,349563,1.13E+11,223234,3.23E+11,68940,29973340000,339658,97683550000,67678,8864256000,64988,2574876000,81414,8648543000,4318,78519000,321235,3.88E+11,155496,4805966000,384374,38824538000,75912,19214338000,224496,20007362000,124471,17639443000,39082,1893403000,3778,30807000
2013,0 to 50k,93564192,1.76E+12,3305678,28839869000,3440466,7832393000,261097,3040168000,13408551,1.70E+11,14058398,2.32E+11,11420476,1.21E+11,2792281,31293513000,1349098,1562772000,142748,1529559000,14797,1185525000,260858,3063404000,546244,11407586000,140897,1043594000,47337,218311000,282538,3483222000,378881,14609588000,9477182,24221056000,1270098,21950521000,952374,58451891000,8509526,15204914000,1817987,13460024000,1778608,16959205000,674515,2403582000,24380,121629000,75021369,1.58E+12,4039058,2678639000,16927761,17658815000,5833458,45232932000,1489323,9090810000,2460543,16150319000,1760392,16984962000,6068358,32391276000
2013,50k to 200k,48228862,4.48E+12,6102101,72413882000,4251577,9800169000,164064,4604394000,13106822,4.05E+11,14360370,6.32E+11,5544282,1.31E+11,2433093,16224851000,1825555,3449737000,303638,5434476000,24655,113632000,278518,8240384000,577377,9019207000,233365,3443461000,44630,219325000,428383,3937728000,475368,4746799000,14405796,64660052000,2863637,95300250000,1259566,17163760000,13340147,45925267000,2428143,30876719000,3019374,25450092000,1087887,6350523000,41293,135607000,42254689,3.40E+12,15360074,15335954000,23394175,26792596000,6630524,1.27E+11,3055933,20916885000,3370038,39775493000,2710987,22030634000,3076933,18607397000
2013,200k to 1mil,5212361,1.76E+12,1910626,1.13E+11,1217117,2999107000,11064,1392725000,1182276,60223966000,1513187,1.67E+11,942532,82913592000,312159,4668424000,274257,1134928000,121779,7375325000,13407,272431000,49624,6038721000,90947,3270260000,37393,1369117000,7571,75572000,211112,4400991000,246761,3358657000,3499471,55886174000,1435589,2.29E+11,418070,13694632000,3345777,42509584000,602733,20311245000,710910,10241839000,383457,9103217000,15651,64581000,4626685,1.15E+12,1766089,4792511000,4261974,20995486000,820392,37658188000,1245541,20615773000,844654,29944819000,244584,5579802000,141892,924606000
2013,1mil and up,345883,1.09E+12,212248,2.90E+11,99420,277442000,444,192692000,58243,3867030000,81768,17246318000,61875,22180943000,23214,3104158000,5233,59686000,22370,14369925000,5800,2714596000,0,0,9353,1443725000,2859,244952000,860,21978000,60372,14469779000,55417,2547408000,305924,70205401000,201470,3.01E+11,58934,27038778000,298052,54429351000,58984,8104410000,57512,2292755000,83429,10016918000,5078,135975000,286357,3.46E+11,143886,5043795000,336853,35201814000,46805,3486680000,196468,17476516000,117237,18170638000,35913,1941011000,0,0
2014,0 to 50k,92661097,1.76E+12,3342677,32506328000,2817776,6463394000,269943,3174927000,13082367,1.64E+11,13798560,2.29E+11,11373506,1.24E+11,2917482,32018502000,1519107,2582630000,117886,1595525000,18725,1248680000,261687,3095565000,483386,10317399000,139401,937292000,39859,249972000,288603,3689867000,368525,12946131000,8920147,23539289000,1271546,22313681000,933023,53294185000,8052837,15077131000,1734217,13560066000,1705240,16120956000,654559,2337064000,20217,115398000,74443573,1.59E+12,3569996,2389557000,15550433,14613637000,5584669,44545280000,1255022,6855544000,2350275,16229070000,1704333,16602177000,4752339,20180419000
2014,50k to 200k,49721668,4.67E+12,6600332,88670829000,3611951,8256138000,153898,5098266000,13622865,4.22E+11,15012515,6.67E+11,5808959,1.36E+11,2491160,16486611000,2187712,6304247000,306063,6174800000,19268,144004000,276408,7857473000,603773,9002022000,222253,3063401000,46235,220415000,453467,4963576000,499076,3541925000,14477565,71863839000,2862877,95955315000,1272861,15648627000,13538562,51812892000,2508781,30831555000,2998834,25289490000,1138356,6466536000,32941,104194000,43234565,3.52E+12,14981689,15026871000,22726014,24359081000,7039926,1.38E+11,2958592,18338418000,3484631,39420838000,2637058,21336941000,2563029,12333765000
2014,200k to 1mil,5813515,1.98E+12,2374447,1.52E+11,1074108,2647788000,11180,1580468000,1368346,73110508000,1751785,1.94E+11,1040862,88676275000,339434,4999219000,370839,2373963000,129225,8127430000,10286,258051000,52912,5342725000,95932,3722173000,35045,1416475000,7447,62506000,263061,5464094000,272814,3223950000,3889720,69101596000,1563686,2.42E+11,463921,15912213000,3755152,53643918000,664230,21922221000,774240,10673805000,441814,12027717000,14858,96360000,5123585,1.27E+12,2048345,5764663000,4660224,19540091000,971057,47529163000,1356223,19567756000,935137,34595737000,277006,6431630000,136008,774714000
2014,1mil and up,410298,1.36E+12,277492,4.32E+11,91103,252530000,490,198684000,69983,4364079000,100336,21055884000,74055,25594998000,27992,3895905000,0,0,26153,16905994000,6058,1360832000,0,0,10388,1530385000,3263,165348000,1173,31167000,81495,17355486000,61815,2788459000,364250,90197508000,238122,3.41E+11,72867,32466596000,355871,71913767000,69812,8863691000,66260,2676406000,103675,13361544000,4924,108188000,338164,4.08E+11,191878,6907374000,397659,35381472000,58052,4626273000,229780,17711940000,141093,22169028000,41356,2243738000,0,0
2015,0 to 50k,92406915,1.76E+12,3036648,32664800000,2901601,6424359000,247624,3066442000,12844648,1.65E+11,13554284,2.33E+11,11426570,1.27E+11,3035494,33719592000,1598540,2397524000,143828,1594637000,12641,1117451000,232078,2559871000,540119,12191474000,143863,965551000,42066,424036000,264678,3716206000,349003,11102495000,8693122,23730377000,1266735,22208267000,913518,58395199000,7924451,15719414000,1710710,13752117000,1619940,15215794000,617751,1922334000,22100,114349000,73993750,1.61E+12,3347706,2418096000,14817685,14276558000,5719515,46827804000,1280373,7465651000,2299362,16236129000,1624381,16650541000,3765491,15117297000
2015,50k to 200k,51334501,4.85E+12,6078133,83615590000,3951253,8728142000,154171,4877705000,13799244,4.41E+11,15211149,7.03E+11,6144827,1.41E+11,2507988,17668346000,2305654,6552084000,333406,5951453000,24593,238748000,238481,6610284000,637415,10217849000,214248,3087568000,49046,188176000,462467,4569000000,479209,3659718000,14427264,70934452000,2860042,98343692000,1249380,15493279000,13491137,53120798000,2486588,29648976000,2918510,23881934000,1037787,6260139000,50728,134420000,44651326,3.66E+12,14477151,14430261000,22475008,25042652000,7301207,1.48E+11,2953707,17857027000,3395700,38033505000,2558374,20476472000,2306070,11351853000
2015,200k to 1mil,6312511,2.14E+12,2283886,1.45E+11,1310633,3169470000,12028,1874708000,1479397,79839768000,1880401,2.10E+11,1138091,95336871000,362745,5047273000,409568,2386901000,125831,8254956000,13919,385450000,46589,3414718000,90770,3435910000,33209,1001295000,8516,73870000,255225,5248881000,262924,3366904000,4100428,70137857000,1662695,2.62E+11,462970,16188633000,3962785,56281504000,715320,23358026000,805291,10766555000,371336,7568774000,22453,59322000,5580674,1.39E+12,2215209,6319249000,4918745,20204686000,1074566,53433442000,1354099,19848736000,936570,31075878000,300993,6577164000,132719,737140000
2015,1mil and up,439335,1.46E+12,276104,4.52E+11,116295,324347000,597,258231000,75870,4868782000,109018,23412829000,81714,29569502000,29500,3726225000,9488,226692000,27188,16651956000,6649,3291551000,3654,948995000,10520,1652418000,2955,150917000,1413,24871000,81205,19502476000,61980,2964393000,386229,95450032000,254937,3.73E+11,73948,36541075000,377603,78066072000,74992,9774855000,70984,2897685000,91256,8026380000,7263,153632000,365677,4.45E+11,216445,7943126000,425257,36357328000,63732,4849846000,238860,16700041000,136602,17713371000,47917,2541381000,2560,19093000
2016,0 to 50k,91314323,1.76E+12,2802816,26468815000,3132175,6932108000,231281,2925521000,12616001,1.63E+11,13325553,2.22E+11,11467659,1.27E+11,3107134,34204029000,1420912,1547273000,141300,1338852000,13474,1088219000,208728,2321316000,549971,14071809000,135294,936659000,37657,389655000,238600,3150076000,361422,11165614000,8616320,23626168000,1236685,21157244000,906653,57941521000,7880438,16283726000,1702767,13491407000,1500012,15816237000,598461,1919882000,21224,83281000,73200611,1.61E+12,3405763,2364054000,14572420,14545611000,5791269,47471108000,1340100,6914240000,2278602,15855005000,1506131,16439667000,3238593,13385683000
2016,50k to 200k,52057461,4.92E+12,5781764,75722113000,4354611,9400588000,172284,5649612000,13719756,4.44E+11,15088214,6.64E+11,6246299,1.40E+11,2586864,18088365000,2111983,3862135000,315048,5879908000,19291,192566000,230637,5969032000,617354,10078659000,227944,3011425000,41501,312019000,432696,4522400000,431075,3682533000,14303114,71285005000,2894080,99217997000,1236752,16850684000,13366657,54601762000,2558321,30822886000,2750089,23675480000,929731,4455678000,47830,100368000,45135868,3.74E+12,14781844,15097468000,22594885,25214472000,7423681,1.52E+11,3102849,19623169000,3363758,37326338000,2447354,20600587000,2187314,11154575000
2016,200k to 1mil,6475930,2.19E+12,2235121,1.33E+11,1440586,3441538000,11949,1893297000,1455261,81788473000,1821366,2.01E+11,1167446,94098929000,380759,5528104000,377722,1275757000,120850,7625735000,10227,327622000,41921,3216000000,92452,3562231000,33891,924289000,7459,145397000,236216,4725317000,251502,3557058000,4178890,70014529000,1655900,2.68E+11,460876,16245221000,4021800,57407496000,709891,23746319000,834482,11324346000,338513,5549624000,23388,113591000,5780756,1.45E+12,2411018,7261970000,5004062,20627101000,1108021,53317398000,1396220,18441346000,908472,29359974000,311033,7540550000,138662,864177000
2016,1mil and up,424442,1.36E+12,250302,4.00E+11,127023,351589000,0,0,69976,4802823000,100635,20655964000,79539,28264915000,28232,3176113000,7762,74365000,25791,15583337000,5871,2248308000,0,0,9936,1459677000,2820,121356000,0,0,70027,15213625000,60878,2913628000,371246,89139624000,251234,3.66E+11,68657,34608894000,361480,73740982000,74181,9877513000,66277,2810248000,77885,5854966000,7182,161174000,354874,4.20E+11,221329,8744886000,411673,36253050000,63598,4345038000,229907,15673779000,126589,15652077000,43796,2362500000,2490,15830000
2017,0 to 50k,90764877,1.74E+12,3301038,35128433000,2517494,5521605000,226037,2721125000,12204704,1.57E+11,12898802,2.11E+11,11580336,1.31E+11,3282025,39869542000,1484829,2328488000,126337,1527193000,17998,1799849000,204717,2442859000,521073,13230926000,120438,932251000,39116,279038000,234609,3636534000,329739,10726484000,8317493,23082189000,1275057,22734322000,929124,70759756000,7569368,15419712000,1602218,13142440000,1423857,15888380000,561146,2116477000,19076,56014000,72544719,1.62E+12,2844697,2307255000,14454536,14639733000,5717343,49232643000,1229378,6317219000,2118752,15712672000,1424269,16357219000,2959079,12538630000
2017,50k to 200k,54418249,5.17E+12,7116299,98310224000,3604265,8021464000,171079,5320279000,14299520,4.71E+11,15515908,6.99E+11,6469736,1.50E+11,2707143,19136821000,2320489,6478323000,307035,5618128000,19461,183650000,230263,6068856000,674622,11304750000,214613,2611228000,43486,232935000,416166,4693666000,450266,4034010000,14739772,75341229000,2912326,1.04E+11,1337564,18722433000,13731718,55346741000,2560906,31296786000,2681711,24061688000,898647,4978829000,42571,140678000,46926734,3.89E+12,14295303,14792665000,23585376,24916710000,7961358,1.67E+11,3089288,16471287000,3332402,37924081000,2385187,21287403000,2091725,10434146000
2017,200k to 1mil,7225249,2.45E+12,2941832,1.89E+11,1245466,2948678000,16459,2102678000,1676401,95220010000,2079560,2.37E+11,1291975,1.03E+11,439493,6166295000,415357,2424020000,142378,9152121000,12943,286938000,42579,2135077000,99851,3974937000,35885,831043000,5404,116073000,261621,5767833000,266101,3344108000,4679688,82542742000,1772127,2.82E+11,518918,18565163000,4493113,65478288000,814484,26037946000,892839,12983398000,382909,6217808000,18489,70045000,6382611,1.59E+12,2605354,7566708000,5673459,22992657000,1358541,65245427000,1579069,19498607000,1037259,32046499000,340368,8508864000,150941,953807000
2017,1mil and up,494857,1.66E+12,339335,5.37E+11,103997,287354000,469,237578000,84287,5969792000,116509,26072029000,93992,32851237000,34136,4465296000,9149,140362000,29045,18807792000,7412,1707260000,3555,575381000,12603,1877804000,2775,135895000,1230,32265000,83325,20509288000,68221,3765824000,434376,1.01E+11,280898,4.25E+11,87139,45103055000,421843,80602224000,83709,11190966000,80451,3831751000,95383,7986048000,6535,157757000,410416,4.89E+11,245149,9625759000,479637,43506268000,79950,5510048000,265652,17771659000,148322,19087494000,52095,3087804000,2509,19455000
2018,0 to 50k,88928367,1.76E+12,3016246,33004922000,2526107,5396412000,216767,2820478000,0,0,14304757,2.02E+11,11427058,1.31E+11,3489418,44037356000,1384052,2625303000,128236,1389308000,13040,1321742000,185612,2176857000,516453,14582422000,104237,786341000,36933,213842000,260350,4040546000,303913,10003172000,8104434,22998874000,1187163,20821212000,877552,66638390000,7340229,15068305000,1554164,13175788000,1360114,19854161000,513448,1803930000,17575,101739000,70995090,1.62E+12,2520502,2047292000,14696873,15616797000,14973558,2.70E+11,1188168,5380340000,2036582,15350962000,1348496,15844821000,2434004,10815405000
2018,50k to 200k,56292622,5.39E+12,6895095,1.06E+11,3800216,8148839000,184123,6041204000,0,0,17580988,6.73E+11,6695722,1.54E+11,2899436,23984624000,2318536,8323876000,279723,5473326000,15427,167685000,213197,5130878000,680243,12709564000,199837,2750491000,50233,307956000,440301,5421424000,423295,3246564000,14974735,78071876000,2853723,1.04E+11,1271636,20352842000,13906740,56030274000,2485802,31100185000,2628557,25301018000,863147,5177261000,51226,148987000,48403219,4.03E+12,13181690,13923265000,24939507,30182994000,18844039,9.51E+11,3128566,14853926000,3244704,38071320000,2297690,21030480000,1921588,10190854000
2018,200k to 1mil,8014100,2.72E+12,3157602,2.13E+11,1363866,3229621000,15521,2409975000,0,0,2665590,1.97E+11,1409099,1.10E+11,491466,7474394000,473541,3834917000,171235,9912162000,11874,405736000,46619,2920924000,108649,4747782000,48784,1476720000,9473,97304000,297654,7318784000,262068,3310727000,5147156,96293452000,1894302,2.96E+11,555913,23524339000,4918203,75042491000,876574,27487374000,932993,14353744000,399323,9330057000,18378,120067000,6989070,1.74E+12,2681335,8231284000,6397453,29092454000,3151886,3.64E+11,1684732,20021962000,1108336,37085037000,360096,9074142000,158877,968101000
2018,1mil and up,539207,1.78E+12,361573,5.77E+11,119836,330959000,0,0,0,0,150515,14593593000,106323,34252463000,37611,5820761000,9663,250471000,32318,18195920000,6663,2521219000,3903,585643000,12889,2169731000,0,0,1305,39607000,86326,23018872000,69466,3500560000,475729,1.24E+11,300701,4.32E+11,93872,58531025000,460927,97605049000,91929,11658498000,85400,4415385000,99749,12047856000,5950,137612000,442669,5.18E+11,259053,11028799000,524698,53690495000,196887,40429711000,284997,19967802000,159157,23558031000,52152,3339205000,3273,23851000
,,,,,,,,,,,,,,,,,,,,,,,,,,,,,,,,,,,,,,,,,,,,,,,,,,,,,,,,,,,,,,,,,,,
,,,,,,,,,,,,,,,,,,,,,,,,,,,,,,,,,,,,,,,,,,,,,,,,,,,,,,,,,,,,,,,,,,,
,,,,,,,,,,,,,,,,,,,,,,,,,,,,,,,,,,,,,,,,,,,,,,,,,,,,,,,,,,,,,,,,,,,
,,,,,,,,,,,,,,,,,,,,,,,,,,,,,,,,,,,,,,,,,,,,,,,,,,,,,,,,,,,,,,,,,,,
,,,,,,,,,,,,,,,,,,,,,,,,,,,,,,,,,,,,,,,,,,,,,,,,,,,,,,,,,,,,,,,,,,,
,,,,,,,,,,,,,,,,,,,,,,,,,,,,,,,,,,,,,,,,,,,,,,,,,,,,,,,,,,,,,,,,,,,
,,,,,,,,,,,,,,,,,,,,,,,,,,,,,,,,,,,,,,,,,,,,,,,,,,,,,,,,,,,,,,,,,,,
,,,,,,,,,,,,,,,,,,,,,,,,,,,,,,,,,,,,,,,,,,,,,,,,,,,,,,,,,,,,,,,,,,,
,,,,,,,,,,,,,,,,,,,,,,,,,,,,,,,,,,,,,,,,,,,,,,,,,,,,,,,,,,,,,,,,,,,
,,,,,,,,,,,,,,,,,,,,,,,,,,,,,,,,,,,,,,,,,,,,,,,,,,,,,,,,,,,,,,,,,,,
,,,,,,,,,,,,,,,,,,,,,,,,,,,,,,,,,,,,,,,,,,,,,,,,,,,,,,,,,,,,,,,,,,,
,,,,,,,,,,,,,,,,,,,,,,,,,,,,,,,,,,,,,,,,,,,,,,,,,,,,,,,,,,,,,,,,,,,
,,,,,,,,,,,,,,,,,,,,,,,,,,,,,,,,,,,,,,,,,,,,,,,,,,,,,,,,,,,,,,,,,,,
,,,,,,,,,,,,,,,,,,,,,,,,,,,,,,,,,,,,,,,,,,,,,,,,,,,,,,,,,,,,,,,,,,,
